Year,Cause,State,Deaths,DeathRate
1999,Diabetes mellitus (E10-E14),Alabama,1341,30
1999,Diabetes mellitus (E10-E14),Alaska,67,23.8
1999,Diabetes mellitus (E10-E14),Arizona,1063,21.5
1999,Diabetes mellitus (E10-E14),Arkansas,691,24.2
1999,Diabetes mellitus (E10-E14),California,6401,22.5
1999,Diabetes mellitus (E10-E14),Colorado,639,19.2
1999,Diabetes mellitus (E10-E14),Connecticut,691,18.5
1999,Diabetes mellitus (E10-E14),Delaware,179,23.5
1999,Diabetes mellitus (E10-E14),District of Columbia,221,39.6
1999,Diabetes mellitus (E10-E14),Florida,4357,21.5
1999,Diabetes mellitus (E10-E14),Georgia,1448,22.6
1999,Diabetes mellitus (E10-E14),Hawaii,211,17.3
1999,Diabetes mellitus (E10-E14),Idaho,267,23.1
1999,Diabetes mellitus (E10-E14),Illinois,3004,25.2
1999,Diabetes mellitus (E10-E14),Indiana,1591,26.9
1999,Diabetes mellitus (E10-E14),Iowa,684,19.7
1999,Diabetes mellitus (E10-E14),Kansas,650,23
1999,Diabetes mellitus (E10-E14),Kentucky,1133,28.8
1999,Diabetes mellitus (E10-E14),Louisiana,1687,41.8
1999,Diabetes mellitus (E10-E14),Maine,348,24.5
1999,Diabetes mellitus (E10-E14),Maryland,1422,29.8
1999,Diabetes mellitus (E10-E14),Massachusetts,1354,19.9
1999,Diabetes mellitus (E10-E14),Michigan,2587,27.1
1999,Diabetes mellitus (E10-E14),Minnesota,1249,25.7
1999,Diabetes mellitus (E10-E14),Mississippi,593,22
1999,Diabetes mellitus (E10-E14),Missouri,1554,26.3
1999,Diabetes mellitus (E10-E14),Montana,244,25.7
1999,Diabetes mellitus (E10-E14),Nebraska,372,20.2
1999,Diabetes mellitus (E10-E14),Nevada,286,17.2
1999,Diabetes mellitus (E10-E14),New Hampshire,294,25.3
1999,Diabetes mellitus (E10-E14),New Jersey,2436,28
1999,Diabetes mellitus (E10-E14),New Mexico,517,31.4
1999,Diabetes mellitus (E10-E14),New York,3799,19.8
1999,Diabetes mellitus (E10-E14),North Carolina,2050,27
1999,Diabetes mellitus (E10-E14),North Dakota,203,26.7
1999,Diabetes mellitus (E10-E14),Ohio,3675,31.4
1999,Diabetes mellitus (E10-E14),Oklahoma,986,27.9
1999,Diabetes mellitus (E10-E14),Oregon,860,24.6
1999,Diabetes mellitus (E10-E14),Pennsylvania,3742,25.5
1999,Diabetes mellitus (E10-E14),Rhode Island,236,20.1
1999,Diabetes mellitus (E10-E14),South Carolina,1118,29.6
1999,Diabetes mellitus (E10-E14),South Dakota,196,23.1
1999,Diabetes mellitus (E10-E14),Tennessee,1436,26.1
1999,Diabetes mellitus (E10-E14),Texas,4931,29.9
1999,Diabetes mellitus (E10-E14),United States,68399,25
1999,Diabetes mellitus (E10-E14),Utah,472,31.4
1999,Diabetes mellitus (E10-E14),Vermont,179,29.3
1999,Diabetes mellitus (E10-E14),Virginia,1486,23.6
1999,Diabetes mellitus (E10-E14),Washington,1307,24.5
1999,Diabetes mellitus (E10-E14),West Virginia,734,34.8
1999,Diabetes mellitus (E10-E14),Wisconsin,1273,22.9
1999,Diabetes mellitus (E10-E14),Wyoming,135,29.8
2000,Diabetes mellitus (E10-E14),Alabama,1321,29.3
2000,Diabetes mellitus (E10-E14),Alaska,87,27.3
2000,Diabetes mellitus (E10-E14),Arizona,1012,20
2000,Diabetes mellitus (E10-E14),Arkansas,714,24.6
2000,Diabetes mellitus (E10-E14),California,6190,21.3
2000,Diabetes mellitus (E10-E14),Colorado,635,18.5
2000,Diabetes mellitus (E10-E14),Connecticut,683,18.1
2000,Diabetes mellitus (E10-E14),Delaware,193,24.6
2000,Diabetes mellitus (E10-E14),District of Columbia,221,39.3
2000,Diabetes mellitus (E10-E14),Florida,4449,21.6
2000,Diabetes mellitus (E10-E14),Georgia,1461,22.4
2000,Diabetes mellitus (E10-E14),Hawaii,203,16.3
2000,Diabetes mellitus (E10-E14),Idaho,304,25.9
2000,Diabetes mellitus (E10-E14),Illinois,2995,25
2000,Diabetes mellitus (E10-E14),Indiana,1673,28
2000,Diabetes mellitus (E10-E14),Iowa,630,18.1
2000,Diabetes mellitus (E10-E14),Kansas,668,23.5
2000,Diabetes mellitus (E10-E14),Kentucky,1107,27.9
2000,Diabetes mellitus (E10-E14),Louisiana,1694,41.4
2000,Diabetes mellitus (E10-E14),Maine,357,24.8
2000,Diabetes mellitus (E10-E14),Maryland,1515,31.3
2000,Diabetes mellitus (E10-E14),Massachusetts,1361,19.8
2000,Diabetes mellitus (E10-E14),Michigan,2603,27
2000,Diabetes mellitus (E10-E14),Minnesota,1209,24.6
2000,Diabetes mellitus (E10-E14),Mississippi,676,24.9
2000,Diabetes mellitus (E10-E14),Missouri,1458,24.6
2000,Diabetes mellitus (E10-E14),Montana,227,23.6
2000,Diabetes mellitus (E10-E14),Nebraska,411,22.2
2000,Diabetes mellitus (E10-E14),Nevada,276,15.4
2000,Diabetes mellitus (E10-E14),New Hampshire,297,25.1
2000,Diabetes mellitus (E10-E14),New Jersey,2483,28.2
2000,Diabetes mellitus (E10-E14),New Mexico,485,29.1
2000,Diabetes mellitus (E10-E14),New York,3877,20
2000,Diabetes mellitus (E10-E14),North Carolina,2084,27.3
2000,Diabetes mellitus (E10-E14),North Dakota,203,26.6
2000,Diabetes mellitus (E10-E14),Ohio,3691,31.4
2000,Diabetes mellitus (E10-E14),Oklahoma,978,27.5
2000,Diabetes mellitus (E10-E14),Oregon,844,23.8
2000,Diabetes mellitus (E10-E14),Pennsylvania,3794,25.8
2000,Diabetes mellitus (E10-E14),Rhode Island,292,24.1
2000,Diabetes mellitus (E10-E14),South Carolina,1206,31.5
2000,Diabetes mellitus (E10-E14),South Dakota,180,20.7
2000,Diabetes mellitus (E10-E14),Tennessee,1591,28.5
2000,Diabetes mellitus (E10-E14),Texas,5196,31.1
2000,Diabetes mellitus (E10-E14),United States,69301,25.1
2000,Diabetes mellitus (E10-E14),Utah,530,34.8
2000,Diabetes mellitus (E10-E14),Vermont,163,26.1
2000,Diabetes mellitus (E10-E14),Virginia,1564,24.4
2000,Diabetes mellitus (E10-E14),Washington,1331,24.5
2000,Diabetes mellitus (E10-E14),West Virginia,759,35.9
2000,Diabetes mellitus (E10-E14),Wisconsin,1309,23.3
2000,Diabetes mellitus (E10-E14),Wyoming,111,24.1
2001,Diabetes mellitus (E10-E14),Alabama,1344,29.6
2001,Diabetes mellitus (E10-E14),Alaska,80,22.8
2001,Diabetes mellitus (E10-E14),Arizona,1058,20.3
2001,Diabetes mellitus (E10-E14),Arkansas,756,26
2001,Diabetes mellitus (E10-E14),California,6395,21.5
2001,Diabetes mellitus (E10-E14),Colorado,667,18.8
2001,Diabetes mellitus (E10-E14),Connecticut,759,19.7
2001,Diabetes mellitus (E10-E14),Delaware,218,27.5
2001,Diabetes mellitus (E10-E14),District of Columbia,209,37.4
2001,Diabetes mellitus (E10-E14),Florida,4631,22.1
2001,Diabetes mellitus (E10-E14),Georgia,1475,22.1
2001,Diabetes mellitus (E10-E14),Hawaii,173,13.5
2001,Diabetes mellitus (E10-E14),Idaho,318,26.4
2001,Diabetes mellitus (E10-E14),Illinois,3092,25.5
2001,Diabetes mellitus (E10-E14),Indiana,1677,27.7
2001,Diabetes mellitus (E10-E14),Iowa,709,20.1
2001,Diabetes mellitus (E10-E14),Kansas,721,25.2
2001,Diabetes mellitus (E10-E14),Kentucky,1099,27.3
2001,Diabetes mellitus (E10-E14),Louisiana,1734,41.9
2001,Diabetes mellitus (E10-E14),Maine,398,27.1
2001,Diabetes mellitus (E10-E14),Maryland,1458,29.4
2001,Diabetes mellitus (E10-E14),Massachusetts,1422,20.5
2001,Diabetes mellitus (E10-E14),Michigan,2655,27.1
2001,Diabetes mellitus (E10-E14),Minnesota,1213,24.4
2001,Diabetes mellitus (E10-E14),Mississippi,661,24.3
2001,Diabetes mellitus (E10-E14),Missouri,1535,25.6
2001,Diabetes mellitus (E10-E14),Montana,229,23.3
2001,Diabetes mellitus (E10-E14),Nebraska,400,21.3
2001,Diabetes mellitus (E10-E14),Nevada,322,17.5
2001,Diabetes mellitus (E10-E14),New Hampshire,291,23.9
2001,Diabetes mellitus (E10-E14),New Jersey,2556,28.7
2001,Diabetes mellitus (E10-E14),New Mexico,538,31.5
2001,Diabetes mellitus (E10-E14),New York,3844,19.5
2001,Diabetes mellitus (E10-E14),North Carolina,2181,27.9
2001,Diabetes mellitus (E10-E14),North Dakota,196,25.8
2001,Diabetes mellitus (E10-E14),Ohio,3750,31.5
2001,Diabetes mellitus (E10-E14),Oklahoma,1065,29.7
2001,Diabetes mellitus (E10-E14),Oregon,1011,28
2001,Diabetes mellitus (E10-E14),Pennsylvania,3826,25.9
2001,Diabetes mellitus (E10-E14),Rhode Island,265,21.9
2001,Diabetes mellitus (E10-E14),South Carolina,1088,27.7
2001,Diabetes mellitus (E10-E14),South Dakota,212,24.4
2001,Diabetes mellitus (E10-E14),Tennessee,1746,30.7
2001,Diabetes mellitus (E10-E14),Texas,5456,31.9
2001,Diabetes mellitus (E10-E14),United States,71372,25.4
2001,Diabetes mellitus (E10-E14),Utah,509,32.2
2001,Diabetes mellitus (E10-E14),Vermont,155,24.3
2001,Diabetes mellitus (E10-E14),Virginia,1613,24.6
2001,Diabetes mellitus (E10-E14),Washington,1403,25.3
2001,Diabetes mellitus (E10-E14),West Virginia,802,37.7
2001,Diabetes mellitus (E10-E14),Wisconsin,1337,23.5
2001,Diabetes mellitus (E10-E14),Wyoming,120,25.7
2002,Diabetes mellitus (E10-E14),Alabama,1486,32.3
2002,Diabetes mellitus (E10-E14),Alaska,86,22
2002,Diabetes mellitus (E10-E14),Arizona,1231,23
2002,Diabetes mellitus (E10-E14),Arkansas,793,27
2002,Diabetes mellitus (E10-E14),California,6807,22.5
2002,Diabetes mellitus (E10-E14),Colorado,659,18
2002,Diabetes mellitus (E10-E14),Connecticut,675,17.3
2002,Diabetes mellitus (E10-E14),Delaware,215,26.1
2002,Diabetes mellitus (E10-E14),District of Columbia,191,34.1
2002,Diabetes mellitus (E10-E14),Florida,4583,21.5
2002,Diabetes mellitus (E10-E14),Georgia,1576,23.1
2002,Diabetes mellitus (E10-E14),Hawaii,204,15.5
2002,Diabetes mellitus (E10-E14),Idaho,322,26.1
2002,Diabetes mellitus (E10-E14),Illinois,3011,24.6
2002,Diabetes mellitus (E10-E14),Indiana,1688,27.6
2002,Diabetes mellitus (E10-E14),Iowa,734,20.8
2002,Diabetes mellitus (E10-E14),Kansas,765,26.4
2002,Diabetes mellitus (E10-E14),Kentucky,1265,31.1
2002,Diabetes mellitus (E10-E14),Louisiana,1774,42.3
2002,Diabetes mellitus (E10-E14),Maine,404,27.1
2002,Diabetes mellitus (E10-E14),Maryland,1519,30.1
2002,Diabetes mellitus (E10-E14),Massachusetts,1423,20.4
2002,Diabetes mellitus (E10-E14),Michigan,2785,28
2002,Diabetes mellitus (E10-E14),Minnesota,1317,26
2002,Diabetes mellitus (E10-E14),Mississippi,671,24.4
2002,Diabetes mellitus (E10-E14),Missouri,1625,26.8
2002,Diabetes mellitus (E10-E14),Montana,210,21.1
2002,Diabetes mellitus (E10-E14),Nebraska,393,20.8
2002,Diabetes mellitus (E10-E14),Nevada,343,17.5
2002,Diabetes mellitus (E10-E14),New Hampshire,311,25
2002,Diabetes mellitus (E10-E14),New Jersey,2532,28.1
2002,Diabetes mellitus (E10-E14),New Mexico,582,33
2002,Diabetes mellitus (E10-E14),New York,3934,19.7
2002,Diabetes mellitus (E10-E14),North Carolina,2205,27.6
2002,Diabetes mellitus (E10-E14),North Dakota,214,27.1
2002,Diabetes mellitus (E10-E14),Ohio,3846,32
2002,Diabetes mellitus (E10-E14),Oklahoma,1064,29.5
2002,Diabetes mellitus (E10-E14),Oregon,1041,28.2
2002,Diabetes mellitus (E10-E14),Pennsylvania,3708,24.8
2002,Diabetes mellitus (E10-E14),Rhode Island,263,21.5
2002,Diabetes mellitus (E10-E14),South Carolina,1112,27.8
2002,Diabetes mellitus (E10-E14),South Dakota,195,22.8
2002,Diabetes mellitus (E10-E14),Tennessee,1749,30.5
2002,Diabetes mellitus (E10-E14),Texas,5654,32.3
2002,Diabetes mellitus (E10-E14),United States,73249,25.6
2002,Diabetes mellitus (E10-E14),Utah,514,31.8
2002,Diabetes mellitus (E10-E14),Vermont,174,27
2002,Diabetes mellitus (E10-E14),Virginia,1558,23.2
2002,Diabetes mellitus (E10-E14),Washington,1494,26.3
2002,Diabetes mellitus (E10-E14),West Virginia,846,39.5
2002,Diabetes mellitus (E10-E14),Wisconsin,1353,23.4
2002,Diabetes mellitus (E10-E14),Wyoming,145,30.5
2003,Diabetes mellitus (E10-E14),Alabama,1414,30.4
2003,Diabetes mellitus (E10-E14),Alaska,102,27.7
2003,Diabetes mellitus (E10-E14),Arizona,1153,20.9
2003,Diabetes mellitus (E10-E14),Arkansas,884,29.9
2003,Diabetes mellitus (E10-E14),California,7093,22.8
2003,Diabetes mellitus (E10-E14),Colorado,708,19.1
2003,Diabetes mellitus (E10-E14),Connecticut,665,16.8
2003,Diabetes mellitus (E10-E14),Delaware,239,28.4
2003,Diabetes mellitus (E10-E14),District of Columbia,179,32.4
2003,Diabetes mellitus (E10-E14),Florida,4762,21.9
2003,Diabetes mellitus (E10-E14),Georgia,1717,24.4
2003,Diabetes mellitus (E10-E14),Hawaii,202,14.8
2003,Diabetes mellitus (E10-E14),Idaho,358,28.3
2003,Diabetes mellitus (E10-E14),Illinois,3044,24.6
2003,Diabetes mellitus (E10-E14),Indiana,1731,27.8
2003,Diabetes mellitus (E10-E14),Iowa,727,20.2
2003,Diabetes mellitus (E10-E14),Kansas,676,23.2
2003,Diabetes mellitus (E10-E14),Kentucky,1296,31.6
2003,Diabetes mellitus (E10-E14),Louisiana,1740,40.9
2003,Diabetes mellitus (E10-E14),Maine,398,26.2
2003,Diabetes mellitus (E10-E14),Maryland,1454,28.2
2003,Diabetes mellitus (E10-E14),Massachusetts,1424,20.2
2003,Diabetes mellitus (E10-E14),Michigan,2640,26.2
2003,Diabetes mellitus (E10-E14),Minnesota,1276,24.9
2003,Diabetes mellitus (E10-E14),Mississippi,680,24.4
2003,Diabetes mellitus (E10-E14),Missouri,1666,27.1
2003,Diabetes mellitus (E10-E14),Montana,261,25.8
2003,Diabetes mellitus (E10-E14),Nebraska,407,21.1
2003,Diabetes mellitus (E10-E14),Nevada,301,15
2003,Diabetes mellitus (E10-E14),New Hampshire,300,23.6
2003,Diabetes mellitus (E10-E14),New Jersey,2484,27.2
2003,Diabetes mellitus (E10-E14),New Mexico,599,33.2
2003,Diabetes mellitus (E10-E14),New York,4227,21
2003,Diabetes mellitus (E10-E14),North Carolina,2388,29.1
2003,Diabetes mellitus (E10-E14),North Dakota,211,27
2003,Diabetes mellitus (E10-E14),Ohio,3731,30.6
2003,Diabetes mellitus (E10-E14),Oklahoma,1104,30.4
2003,Diabetes mellitus (E10-E14),Oregon,1032,27.3
2003,Diabetes mellitus (E10-E14),Pennsylvania,3732,24.8
2003,Diabetes mellitus (E10-E14),Rhode Island,252,20.4
2003,Diabetes mellitus (E10-E14),South Carolina,1161,28.3
2003,Diabetes mellitus (E10-E14),South Dakota,203,23
2003,Diabetes mellitus (E10-E14),Tennessee,1855,31.7
2003,Diabetes mellitus (E10-E14),Texas,5668,31.6
2003,Diabetes mellitus (E10-E14),United States,74219,25.5
2003,Diabetes mellitus (E10-E14),Utah,520,31.5
2003,Diabetes mellitus (E10-E14),Vermont,183,27.7
2003,Diabetes mellitus (E10-E14),Virginia,1587,23
2003,Diabetes mellitus (E10-E14),Washington,1509,26.1
2003,Diabetes mellitus (E10-E14),West Virginia,807,37.1
2003,Diabetes mellitus (E10-E14),Wisconsin,1331,22.7
2003,Diabetes mellitus (E10-E14),Wyoming,138,27.8
2004,Diabetes mellitus (E10-E14),Alabama,1449,30.8
2004,Diabetes mellitus (E10-E14),Alaska,93,22.6
2004,Diabetes mellitus (E10-E14),Arizona,1196,21
2004,Diabetes mellitus (E10-E14),Arkansas,838,28
2004,Diabetes mellitus (E10-E14),California,7117,22.6
2004,Diabetes mellitus (E10-E14),Colorado,696,18.2
2004,Diabetes mellitus (E10-E14),Connecticut,767,19.1
2004,Diabetes mellitus (E10-E14),Delaware,210,24.5
2004,Diabetes mellitus (E10-E14),District of Columbia,224,40.2
2004,Diabetes mellitus (E10-E14),Florida,4809,21.6
2004,Diabetes mellitus (E10-E14),Georgia,1623,22.5
2004,Diabetes mellitus (E10-E14),Hawaii,194,13.8
2004,Diabetes mellitus (E10-E14),Idaho,344,26.5
2004,Diabetes mellitus (E10-E14),Illinois,3069,24.5
2004,Diabetes mellitus (E10-E14),Indiana,1673,26.6
2004,Diabetes mellitus (E10-E14),Iowa,700,19.5
2004,Diabetes mellitus (E10-E14),Kansas,690,23.5
2004,Diabetes mellitus (E10-E14),Kentucky,1195,28.6
2004,Diabetes mellitus (E10-E14),Louisiana,1717,39.9
2004,Diabetes mellitus (E10-E14),Maine,382,24.7
2004,Diabetes mellitus (E10-E14),Maryland,1417,26.9
2004,Diabetes mellitus (E10-E14),Massachusetts,1329,18.7
2004,Diabetes mellitus (E10-E14),Michigan,2953,28.9
2004,Diabetes mellitus (E10-E14),Minnesota,1130,21.6
2004,Diabetes mellitus (E10-E14),Mississippi,665,23.6
2004,Diabetes mellitus (E10-E14),Missouri,1461,23.6
2004,Diabetes mellitus (E10-E14),Montana,237,22.7
2004,Diabetes mellitus (E10-E14),Nebraska,395,20.5
2004,Diabetes mellitus (E10-E14),Nevada,290,13.9
2004,Diabetes mellitus (E10-E14),New Hampshire,313,24
2004,Diabetes mellitus (E10-E14),New Jersey,2595,28.2
2004,Diabetes mellitus (E10-E14),New Mexico,590,31.9
2004,Diabetes mellitus (E10-E14),New York,3913,19.2
2004,Diabetes mellitus (E10-E14),North Carolina,2253,26.9
2004,Diabetes mellitus (E10-E14),North Dakota,209,26.6
2004,Diabetes mellitus (E10-E14),Ohio,3615,29.3
2004,Diabetes mellitus (E10-E14),Oklahoma,1139,30.9
2004,Diabetes mellitus (E10-E14),Oregon,1073,27.9
2004,Diabetes mellitus (E10-E14),Pennsylvania,3579,23.6
2004,Diabetes mellitus (E10-E14),Rhode Island,280,22.4
2004,Diabetes mellitus (E10-E14),South Carolina,1165,27.8
2004,Diabetes mellitus (E10-E14),South Dakota,229,25.4
2004,Diabetes mellitus (E10-E14),Tennessee,1882,31.6
2004,Diabetes mellitus (E10-E14),Texas,5435,29.7
2004,Diabetes mellitus (E10-E14),United States,73138,24.8
2004,Diabetes mellitus (E10-E14),Utah,485,28.6
2004,Diabetes mellitus (E10-E14),Vermont,150,22.6
2004,Diabetes mellitus (E10-E14),Virginia,1602,22.9
2004,Diabetes mellitus (E10-E14),Washington,1508,25.3
2004,Diabetes mellitus (E10-E14),West Virginia,840,38.2
2004,Diabetes mellitus (E10-E14),Wisconsin,1310,21.9
2004,Diabetes mellitus (E10-E14),Wyoming,110,22.2
2005,Diabetes mellitus (E10-E14),Alabama,1429,29.9
2005,Diabetes mellitus (E10-E14),Alaska,93,22.4
2005,Diabetes mellitus (E10-E14),Arizona,1208,20.4
2005,Diabetes mellitus (E10-E14),Arkansas,824,27.1
2005,Diabetes mellitus (E10-E14),California,7697,23.8
2005,Diabetes mellitus (E10-E14),Colorado,753,19.3
2005,Diabetes mellitus (E10-E14),Connecticut,811,20
2005,Diabetes mellitus (E10-E14),Delaware,233,26.5
2005,Diabetes mellitus (E10-E14),District of Columbia,192,34.4
2005,Diabetes mellitus (E10-E14),Florida,5193,22.7
2005,Diabetes mellitus (E10-E14),Georgia,1742,23.2
2005,Diabetes mellitus (E10-E14),Hawaii,218,15.1
2005,Diabetes mellitus (E10-E14),Idaho,299,22.4
2005,Diabetes mellitus (E10-E14),Illinois,3034,24
2005,Diabetes mellitus (E10-E14),Indiana,1719,27
2005,Diabetes mellitus (E10-E14),Iowa,727,20.1
2005,Diabetes mellitus (E10-E14),Kansas,710,23.8
2005,Diabetes mellitus (E10-E14),Kentucky,1187,27.8
2005,Diabetes mellitus (E10-E14),Louisiana,1695,38.7
2005,Diabetes mellitus (E10-E14),Maine,385,24.7
2005,Diabetes mellitus (E10-E14),Maryland,1388,26
2005,Diabetes mellitus (E10-E14),Massachusetts,1271,17.7
2005,Diabetes mellitus (E10-E14),Michigan,2842,27.3
2005,Diabetes mellitus (E10-E14),Minnesota,1258,23.6
2005,Diabetes mellitus (E10-E14),Mississippi,677,23.5
2005,Diabetes mellitus (E10-E14),Missouri,1549,24.8
2005,Diabetes mellitus (E10-E14),Montana,285,26.7
2005,Diabetes mellitus (E10-E14),Nebraska,449,23.3
2005,Diabetes mellitus (E10-E14),Nevada,336,15.3
2005,Diabetes mellitus (E10-E14),New Hampshire,310,23.4
2005,Diabetes mellitus (E10-E14),New Jersey,2540,27.3
2005,Diabetes mellitus (E10-E14),New Mexico,595,31.4
2005,Diabetes mellitus (E10-E14),New York,4051,19.7
2005,Diabetes mellitus (E10-E14),North Carolina,2261,26.2
2005,Diabetes mellitus (E10-E14),North Dakota,204,26.2
2005,Diabetes mellitus (E10-E14),Ohio,3794,30.5
2005,Diabetes mellitus (E10-E14),Oklahoma,1217,32.6
2005,Diabetes mellitus (E10-E14),Oregon,1149,29.3
2005,Diabetes mellitus (E10-E14),Pennsylvania,3553,23.2
2005,Diabetes mellitus (E10-E14),Rhode Island,282,22.3
2005,Diabetes mellitus (E10-E14),South Carolina,1187,27.6
2005,Diabetes mellitus (E10-E14),South Dakota,241,26.2
2005,Diabetes mellitus (E10-E14),Tennessee,1844,30.3
2005,Diabetes mellitus (E10-E14),Texas,5605,29.7
2005,Diabetes mellitus (E10-E14),United States,75119,24.9
2005,Diabetes mellitus (E10-E14),Utah,541,31
2005,Diabetes mellitus (E10-E14),Vermont,173,25.8
2005,Diabetes mellitus (E10-E14),Virginia,1642,22.9
2005,Diabetes mellitus (E10-E14),Washington,1554,25.5
2005,Diabetes mellitus (E10-E14),West Virginia,766,34.5
2005,Diabetes mellitus (E10-E14),Wisconsin,1276,21
2005,Diabetes mellitus (E10-E14),Wyoming,130,25.8
2006,Diabetes mellitus (E10-E14),Alabama,1453,29.8
2006,Diabetes mellitus (E10-E14),Alaska,109,25.9
2006,Diabetes mellitus (E10-E14),Arizona,1206,19.6
2006,Diabetes mellitus (E10-E14),Arkansas,839,27.2
2006,Diabetes mellitus (E10-E14),California,7376,22.5
2006,Diabetes mellitus (E10-E14),Colorado,677,16.7
2006,Diabetes mellitus (E10-E14),Connecticut,782,19
2006,Diabetes mellitus (E10-E14),Delaware,191,20.6
2006,Diabetes mellitus (E10-E14),District of Columbia,184,33
2006,Diabetes mellitus (E10-E14),Florida,5172,22.3
2006,Diabetes mellitus (E10-E14),Georgia,1657,21.2
2006,Diabetes mellitus (E10-E14),Hawaii,271,18.4
2006,Diabetes mellitus (E10-E14),Idaho,320,23.1
2006,Diabetes mellitus (E10-E14),Illinois,2795,21.9
2006,Diabetes mellitus (E10-E14),Indiana,1682,25.9
2006,Diabetes mellitus (E10-E14),Iowa,804,22
2006,Diabetes mellitus (E10-E14),Kansas,749,24.8
2006,Diabetes mellitus (E10-E14),Kentucky,1141,26.2
2006,Diabetes mellitus (E10-E14),Louisiana,1536,36.3
2006,Diabetes mellitus (E10-E14),Maine,343,21.4
2006,Diabetes mellitus (E10-E14),Maryland,1237,22.5
2006,Diabetes mellitus (E10-E14),Massachusetts,1132,15.5
2006,Diabetes mellitus (E10-E14),Michigan,2830,26.8
2006,Diabetes mellitus (E10-E14),Minnesota,1158,21.4
2006,Diabetes mellitus (E10-E14),Mississippi,707,24.5
2006,Diabetes mellitus (E10-E14),Missouri,1493,23.5
2006,Diabetes mellitus (E10-E14),Montana,249,22.8
2006,Diabetes mellitus (E10-E14),Nebraska,437,22.2
2006,Diabetes mellitus (E10-E14),Nevada,294,13
2006,Diabetes mellitus (E10-E14),New Hampshire,296,21.4
2006,Diabetes mellitus (E10-E14),New Jersey,2454,26.1
2006,Diabetes mellitus (E10-E14),New Mexico,606,30.6
2006,Diabetes mellitus (E10-E14),New York,3848,18.6
2006,Diabetes mellitus (E10-E14),North Carolina,2234,24.9
2006,Diabetes mellitus (E10-E14),North Dakota,208,26.1
2006,Diabetes mellitus (E10-E14),Ohio,3761,29.6
2006,Diabetes mellitus (E10-E14),Oklahoma,1166,30.6
2006,Diabetes mellitus (E10-E14),Oregon,1139,28.2
2006,Diabetes mellitus (E10-E14),Pennsylvania,3466,22.3
2006,Diabetes mellitus (E10-E14),Rhode Island,206,16.2
2006,Diabetes mellitus (E10-E14),South Carolina,1136,25.5
2006,Diabetes mellitus (E10-E14),South Dakota,262,27.6
2006,Diabetes mellitus (E10-E14),Tennessee,1715,27.4
2006,Diabetes mellitus (E10-E14),Texas,5201,26.5
2006,Diabetes mellitus (E10-E14),United States,72449,23.6
2006,Diabetes mellitus (E10-E14),Utah,496,27
2006,Diabetes mellitus (E10-E14),Vermont,175,25
2006,Diabetes mellitus (E10-E14),Virginia,1632,22.1
2006,Diabetes mellitus (E10-E14),Washington,1543,24.7
2006,Diabetes mellitus (E10-E14),West Virginia,743,33
2006,Diabetes mellitus (E10-E14),Wisconsin,1212,19.7
2006,Diabetes mellitus (E10-E14),Wyoming,126,23.9
2007,Diabetes mellitus (E10-E14),Alabama,1313,26.4
2007,Diabetes mellitus (E10-E14),Alaska,105,24.1
2007,Diabetes mellitus (E10-E14),Arizona,1159,18.3
2007,Diabetes mellitus (E10-E14),Arkansas,838,26.8
2007,Diabetes mellitus (E10-E14),California,7413,22.2
2007,Diabetes mellitus (E10-E14),Colorado,710,16.8
2007,Diabetes mellitus (E10-E14),Connecticut,646,15.5
2007,Diabetes mellitus (E10-E14),Delaware,223,23.6
2007,Diabetes mellitus (E10-E14),District of Columbia,152,26.6
2007,Diabetes mellitus (E10-E14),Florida,5110,21.7
2007,Diabetes mellitus (E10-E14),Georgia,1604,20
2007,Diabetes mellitus (E10-E14),Hawaii,291,19
2007,Diabetes mellitus (E10-E14),Idaho,331,22.9
2007,Diabetes mellitus (E10-E14),Illinois,2851,22
2007,Diabetes mellitus (E10-E14),Indiana,1564,23.5
2007,Diabetes mellitus (E10-E14),Iowa,767,20.6
2007,Diabetes mellitus (E10-E14),Kansas,702,22.8
2007,Diabetes mellitus (E10-E14),Kentucky,1091,24.4
2007,Diabetes mellitus (E10-E14),Louisiana,1437,33.5
2007,Diabetes mellitus (E10-E14),Maine,355,21.8
2007,Diabetes mellitus (E10-E14),Maryland,1301,23.4
2007,Diabetes mellitus (E10-E14),Massachusetts,1222,16.6
2007,Diabetes mellitus (E10-E14),Michigan,2826,26.3
2007,Diabetes mellitus (E10-E14),Minnesota,1084,19.6
2007,Diabetes mellitus (E10-E14),Mississippi,654,22.1
2007,Diabetes mellitus (E10-E14),Missouri,1444,22.4
2007,Diabetes mellitus (E10-E14),Montana,258,23
2007,Diabetes mellitus (E10-E14),Nebraska,472,23.4
2007,Diabetes mellitus (E10-E14),Nevada,312,13
2007,Diabetes mellitus (E10-E14),New Hampshire,280,20.2
2007,Diabetes mellitus (E10-E14),New Jersey,2329,24.4
2007,Diabetes mellitus (E10-E14),New Mexico,673,33.2
2007,Diabetes mellitus (E10-E14),New York,3715,17.7
2007,Diabetes mellitus (E10-E14),North Carolina,2156,23.3
2007,Diabetes mellitus (E10-E14),North Dakota,226,28.1
2007,Diabetes mellitus (E10-E14),Ohio,3722,29
2007,Diabetes mellitus (E10-E14),Oklahoma,1148,29.8
2007,Diabetes mellitus (E10-E14),Oregon,1113,27
2007,Diabetes mellitus (E10-E14),Pennsylvania,3442,21.9
2007,Diabetes mellitus (E10-E14),Rhode Island,248,19.1
2007,Diabetes mellitus (E10-E14),South Carolina,1231,26.7
2007,Diabetes mellitus (E10-E14),South Dakota,247,26.1
2007,Diabetes mellitus (E10-E14),Tennessee,1700,26.7
2007,Diabetes mellitus (E10-E14),Texas,5109,25.3
2007,Diabetes mellitus (E10-E14),United States,71382,22.8
2007,Diabetes mellitus (E10-E14),Utah,548,28.8
2007,Diabetes mellitus (E10-E14),Vermont,170,24.4
2007,Diabetes mellitus (E10-E14),Virginia,1507,20
2007,Diabetes mellitus (E10-E14),Washington,1508,23.5
2007,Diabetes mellitus (E10-E14),West Virginia,800,35.2
2007,Diabetes mellitus (E10-E14),Wisconsin,1136,18.3
2007,Diabetes mellitus (E10-E14),Wyoming,139,26.3
2008,Diabetes mellitus (E10-E14),Alabama,1386,27.2
2008,Diabetes mellitus (E10-E14),Alaska,93,22.3
2008,Diabetes mellitus (E10-E14),Arizona,1173,18
2008,Diabetes mellitus (E10-E14),Arkansas,901,28.1
2008,Diabetes mellitus (E10-E14),California,7375,21.5
2008,Diabetes mellitus (E10-E14),Colorado,767,17.6
2008,Diabetes mellitus (E10-E14),Connecticut,624,14.7
2008,Diabetes mellitus (E10-E14),Delaware,217,22.5
2008,Diabetes mellitus (E10-E14),District of Columbia,156,27.5
2008,Diabetes mellitus (E10-E14),Florida,5161,21.4
2008,Diabetes mellitus (E10-E14),Georgia,1496,18
2008,Diabetes mellitus (E10-E14),Hawaii,286,18.6
2008,Diabetes mellitus (E10-E14),Idaho,356,23.9
2008,Diabetes mellitus (E10-E14),Illinois,2846,21.6
2008,Diabetes mellitus (E10-E14),Indiana,1683,24.9
2008,Diabetes mellitus (E10-E14),Iowa,764,20.3
2008,Diabetes mellitus (E10-E14),Kansas,706,22.7
2008,Diabetes mellitus (E10-E14),Kentucky,1214,26.7
2008,Diabetes mellitus (E10-E14),Louisiana,1332,30.3
2008,Diabetes mellitus (E10-E14),Maine,344,20.8
2008,Diabetes mellitus (E10-E14),Maryland,1239,21.6
2008,Diabetes mellitus (E10-E14),Massachusetts,1079,14.5
2008,Diabetes mellitus (E10-E14),Michigan,2752,25.2
2008,Diabetes mellitus (E10-E14),Minnesota,1087,19.1
2008,Diabetes mellitus (E10-E14),Mississippi,758,25.3
2008,Diabetes mellitus (E10-E14),Missouri,1348,20.4
2008,Diabetes mellitus (E10-E14),Montana,254,22.3
2008,Diabetes mellitus (E10-E14),Nebraska,470,23.2
2008,Diabetes mellitus (E10-E14),Nevada,373,15.6
2008,Diabetes mellitus (E10-E14),New Hampshire,297,20.6
2008,Diabetes mellitus (E10-E14),New Jersey,2242,23.1
2008,Diabetes mellitus (E10-E14),New Mexico,582,28.3
2008,Diabetes mellitus (E10-E14),New York,3605,16.9
2008,Diabetes mellitus (E10-E14),North Carolina,2170,22.7
2008,Diabetes mellitus (E10-E14),North Dakota,201,25
2008,Diabetes mellitus (E10-E14),Ohio,3565,27.2
2008,Diabetes mellitus (E10-E14),Oklahoma,1103,28.3
2008,Diabetes mellitus (E10-E14),Oregon,1025,24
2008,Diabetes mellitus (E10-E14),Pennsylvania,3313,20.8
2008,Diabetes mellitus (E10-E14),Rhode Island,195,15.1
2008,Diabetes mellitus (E10-E14),South Carolina,1133,23.9
2008,Diabetes mellitus (E10-E14),South Dakota,216,22.3
2008,Diabetes mellitus (E10-E14),Tennessee,1733,26.4
2008,Diabetes mellitus (E10-E14),Texas,5155,24.9
2008,Diabetes mellitus (E10-E14),United States,70553,22
2008,Diabetes mellitus (E10-E14),Utah,468,23.7
2008,Diabetes mellitus (E10-E14),Vermont,151,21.1
2008,Diabetes mellitus (E10-E14),Virginia,1534,19.8
2008,Diabetes mellitus (E10-E14),Washington,1590,24.1
2008,Diabetes mellitus (E10-E14),West Virginia,753,32.7
2008,Diabetes mellitus (E10-E14),Wisconsin,1152,18.2
2008,Diabetes mellitus (E10-E14),Wyoming,130,24.1
2009,Diabetes mellitus (E10-E14),Alabama,1259,24.4
2009,Diabetes mellitus (E10-E14),Alaska,84,18.1
2009,Diabetes mellitus (E10-E14),Arizona,1083,16.2
2009,Diabetes mellitus (E10-E14),Arkansas,890,27.4
2009,Diabetes mellitus (E10-E14),California,6979,19.8
2009,Diabetes mellitus (E10-E14),Colorado,779,17.2
2009,Diabetes mellitus (E10-E14),Connecticut,624,14.5
2009,Diabetes mellitus (E10-E14),Delaware,206,20.8
2009,Diabetes mellitus (E10-E14),District of Columbia,129,22.5
2009,Diabetes mellitus (E10-E14),Florida,4901,20
2009,Diabetes mellitus (E10-E14),Georgia,1582,18.7
2009,Diabetes mellitus (E10-E14),Hawaii,308,19.5
2009,Diabetes mellitus (E10-E14),Idaho,372,24.3
2009,Diabetes mellitus (E10-E14),Illinois,2741,20.6
2009,Diabetes mellitus (E10-E14),Indiana,1646,24.1
2009,Diabetes mellitus (E10-E14),Iowa,702,18.7
2009,Diabetes mellitus (E10-E14),Kansas,635,20.3
2009,Diabetes mellitus (E10-E14),Kentucky,1348,29.3
2009,Diabetes mellitus (E10-E14),Louisiana,1249,27.8
2009,Diabetes mellitus (E10-E14),Maine,350,20.7
2009,Diabetes mellitus (E10-E14),Maryland,1207,20.6
2009,Diabetes mellitus (E10-E14),Massachusetts,1007,13.3
2009,Diabetes mellitus (E10-E14),Michigan,2705,24.4
2009,Diabetes mellitus (E10-E14),Minnesota,1021,17.7
2009,Diabetes mellitus (E10-E14),Mississippi,900,29.7
2009,Diabetes mellitus (E10-E14),Missouri,1335,19.8
2009,Diabetes mellitus (E10-E14),Montana,228,19.4
2009,Diabetes mellitus (E10-E14),Nebraska,445,21.8
2009,Diabetes mellitus (E10-E14),Nevada,377,15.5
2009,Diabetes mellitus (E10-E14),New Hampshire,276,18.7
2009,Diabetes mellitus (E10-E14),New Jersey,1959,19.9
2009,Diabetes mellitus (E10-E14),New Mexico,597,28.3
2009,Diabetes mellitus (E10-E14),New York,3723,17.3
2009,Diabetes mellitus (E10-E14),North Carolina,2114,21.5
2009,Diabetes mellitus (E10-E14),North Dakota,214,25.4
2009,Diabetes mellitus (E10-E14),Ohio,3401,25.7
2009,Diabetes mellitus (E10-E14),Oklahoma,1146,28.7
2009,Diabetes mellitus (E10-E14),Oregon,1073,24.8
2009,Diabetes mellitus (E10-E14),Pennsylvania,3254,20.3
2009,Diabetes mellitus (E10-E14),Rhode Island,213,16.6
2009,Diabetes mellitus (E10-E14),South Carolina,1128,23.1
2009,Diabetes mellitus (E10-E14),South Dakota,202,21.1
2009,Diabetes mellitus (E10-E14),Tennessee,1759,26.2
2009,Diabetes mellitus (E10-E14),Texas,4873,22.8
2009,Diabetes mellitus (E10-E14),United States,68705,21.1
2009,Diabetes mellitus (E10-E14),Utah,463,22.6
2009,Diabetes mellitus (E10-E14),Vermont,143,19.2
2009,Diabetes mellitus (E10-E14),Virginia,1560,19.5
2009,Diabetes mellitus (E10-E14),Washington,1554,22.8
2009,Diabetes mellitus (E10-E14),West Virginia,746,32
2009,Diabetes mellitus (E10-E14),Wisconsin,1110,17.2
2009,Diabetes mellitus (E10-E14),Wyoming,105,18.1
2010,Diabetes mellitus (E10-E14),Alabama,1302,25
2010,Diabetes mellitus (E10-E14),Alaska,86,19.6
2010,Diabetes mellitus (E10-E14),Arizona,1389,20.3
2010,Diabetes mellitus (E10-E14),Arkansas,850,25.8
2010,Diabetes mellitus (E10-E14),California,7061,19.7
2010,Diabetes mellitus (E10-E14),Colorado,721,15.2
2010,Diabetes mellitus (E10-E14),Connecticut,662,15.4
2010,Diabetes mellitus (E10-E14),Delaware,196,19.2
2010,Diabetes mellitus (E10-E14),District of Columbia,145,24.9
2010,Diabetes mellitus (E10-E14),Florida,5024,20.1
2010,Diabetes mellitus (E10-E14),Georgia,1996,23.1
2010,Diabetes mellitus (E10-E14),Hawaii,272,16.6
2010,Diabetes mellitus (E10-E14),Idaho,353,22.5
2010,Diabetes mellitus (E10-E14),Illinois,2507,18.5
2010,Diabetes mellitus (E10-E14),Indiana,1587,22.7
2010,Diabetes mellitus (E10-E14),Iowa,733,19.3
2010,Diabetes mellitus (E10-E14),Kansas,655,20.6
2010,Diabetes mellitus (E10-E14),Kentucky,1212,26
2010,Diabetes mellitus (E10-E14),Louisiana,1205,26.4
2010,Diabetes mellitus (E10-E14),Maine,376,21.8
2010,Diabetes mellitus (E10-E14),Maryland,1191,19.9
2010,Diabetes mellitus (E10-E14),Massachusetts,1028,13.3
2010,Diabetes mellitus (E10-E14),Michigan,2697,24
2010,Diabetes mellitus (E10-E14),Minnesota,1037,17.7
2010,Diabetes mellitus (E10-E14),Mississippi,926,30.3
2010,Diabetes mellitus (E10-E14),Missouri,1425,21.2
2010,Diabetes mellitus (E10-E14),Montana,227,19.1
2010,Diabetes mellitus (E10-E14),Nebraska,452,21.7
2010,Diabetes mellitus (E10-E14),Nevada,350,13.8
2010,Diabetes mellitus (E10-E14),New Hampshire,236,16.1
2010,Diabetes mellitus (E10-E14),New Jersey,2098,21
2010,Diabetes mellitus (E10-E14),New Mexico,643,29.8
2010,Diabetes mellitus (E10-E14),New York,3642,16.7
2010,Diabetes mellitus (E10-E14),North Carolina,2042,20.5
2010,Diabetes mellitus (E10-E14),North Dakota,192,22.2
2010,Diabetes mellitus (E10-E14),Ohio,3470,25.8
2010,Diabetes mellitus (E10-E14),Oklahoma,1089,26.9
2010,Diabetes mellitus (E10-E14),Oregon,1052,23.7
2010,Diabetes mellitus (E10-E14),Pennsylvania,3242,20
2010,Diabetes mellitus (E10-E14),Rhode Island,211,16
2010,Diabetes mellitus (E10-E14),South Carolina,1128,22.6
2010,Diabetes mellitus (E10-E14),South Dakota,240,24.5
2010,Diabetes mellitus (E10-E14),Tennessee,1687,24.7
2010,Diabetes mellitus (E10-E14),Texas,4744,21.6
2010,Diabetes mellitus (E10-E14),United States,69071,20.8
2010,Diabetes mellitus (E10-E14),Utah,471,22.7
2010,Diabetes mellitus (E10-E14),Vermont,151,20.7
2010,Diabetes mellitus (E10-E14),Virginia,1530,18.8
2010,Diabetes mellitus (E10-E14),Washington,1499,21.6
2010,Diabetes mellitus (E10-E14),West Virginia,776,32.9
2010,Diabetes mellitus (E10-E14),Wisconsin,1158,17.7
2010,Diabetes mellitus (E10-E14),Wyoming,105,18.5
2011,Diabetes mellitus (E10-E14),Alabama,1278,23.9
2011,Diabetes mellitus (E10-E14),Alaska,107,20.6
2011,Diabetes mellitus (E10-E14),Arizona,1740,24.3
2011,Diabetes mellitus (E10-E14),Arkansas,908,27
2011,Diabetes mellitus (E10-E14),California,7695,20.7
2011,Diabetes mellitus (E10-E14),Colorado,790,16.4
2011,Diabetes mellitus (E10-E14),Connecticut,692,15.5
2011,Diabetes mellitus (E10-E14),Delaware,224,21.5
2011,Diabetes mellitus (E10-E14),District of Columbia,152,26
2011,Diabetes mellitus (E10-E14),Florida,5093,19.7
2011,Diabetes mellitus (E10-E14),Georgia,2121,23.6
2011,Diabetes mellitus (E10-E14),Hawaii,264,15.6
2011,Diabetes mellitus (E10-E14),Idaho,393,24.2
2011,Diabetes mellitus (E10-E14),Illinois,2693,19.4
2011,Diabetes mellitus (E10-E14),Indiana,1808,25.4
2011,Diabetes mellitus (E10-E14),Iowa,770,19.9
2011,Diabetes mellitus (E10-E14),Kansas,711,22.1
2011,Diabetes mellitus (E10-E14),Kentucky,1268,26.5
2011,Diabetes mellitus (E10-E14),Louisiana,1265,27.1
2011,Diabetes mellitus (E10-E14),Maine,353,20
2011,Diabetes mellitus (E10-E14),Maryland,1297,21.2
2011,Diabetes mellitus (E10-E14),Massachusetts,1140,14.6
2011,Diabetes mellitus (E10-E14),Michigan,2811,24.6
2011,Diabetes mellitus (E10-E14),Minnesota,1189,20.1
2011,Diabetes mellitus (E10-E14),Mississippi,996,32
2011,Diabetes mellitus (E10-E14),Missouri,1438,20.8
2011,Diabetes mellitus (E10-E14),Montana,252,20.9
2011,Diabetes mellitus (E10-E14),Nebraska,460,21.7
2011,Diabetes mellitus (E10-E14),Nevada,400,15.1
2011,Diabetes mellitus (E10-E14),New Hampshire,280,18.3
2011,Diabetes mellitus (E10-E14),New Jersey,2222,22
2011,Diabetes mellitus (E10-E14),New Mexico,612,27.3
2011,Diabetes mellitus (E10-E14),New York,3988,18
2011,Diabetes mellitus (E10-E14),North Carolina,2278,22.1
2011,Diabetes mellitus (E10-E14),North Dakota,207,24.5
2011,Diabetes mellitus (E10-E14),Ohio,3668,26.8
2011,Diabetes mellitus (E10-E14),Oklahoma,1221,29.7
2011,Diabetes mellitus (E10-E14),Oregon,1113,24.6
2011,Diabetes mellitus (E10-E14),Pennsylvania,3462,21.1
2011,Diabetes mellitus (E10-E14),Rhode Island,180,13.4
2011,Diabetes mellitus (E10-E14),South Carolina,1090,21
2011,Diabetes mellitus (E10-E14),South Dakota,263,26.4
2011,Diabetes mellitus (E10-E14),Tennessee,1748,25
2011,Diabetes mellitus (E10-E14),Texas,5091,22.4
2011,Diabetes mellitus (E10-E14),United States,73831,21.7
2011,Diabetes mellitus (E10-E14),Utah,561,26
2011,Diabetes mellitus (E10-E14),Vermont,168,21.5
2011,Diabetes mellitus (E10-E14),Virginia,1643,19.5
2011,Diabetes mellitus (E10-E14),Washington,1633,22.6
2011,Diabetes mellitus (E10-E14),West Virginia,790,33.3
2011,Diabetes mellitus (E10-E14),Wisconsin,1197,17.9
2011,Diabetes mellitus (E10-E14),Wyoming,108,18.4
2012,Diabetes mellitus (E10-E14),Alabama,1300,23.9
2012,Diabetes mellitus (E10-E14),Alaska,107,18.8
2012,Diabetes mellitus (E10-E14),Arizona,1736,23.4
2012,Diabetes mellitus (E10-E14),Arkansas,833,24.6
2012,Diabetes mellitus (E10-E14),California,7895,20.7
2012,Diabetes mellitus (E10-E14),Colorado,797,15.9
2012,Diabetes mellitus (E10-E14),Connecticut,631,14.2
2012,Diabetes mellitus (E10-E14),Delaware,241,22.3
2012,Diabetes mellitus (E10-E14),District of Columbia,145,24.1
2012,Diabetes mellitus (E10-E14),Florida,5092,19.2
2012,Diabetes mellitus (E10-E14),Georgia,2088,22.6
2012,Diabetes mellitus (E10-E14),Hawaii,277,16.2
2012,Diabetes mellitus (E10-E14),Idaho,371,22.9
2012,Diabetes mellitus (E10-E14),Illinois,2706,19.2
2012,Diabetes mellitus (E10-E14),Indiana,1860,25.9
2012,Diabetes mellitus (E10-E14),Iowa,692,17.6
2012,Diabetes mellitus (E10-E14),Kansas,639,19.6
2012,Diabetes mellitus (E10-E14),Kentucky,1256,25.9
2012,Diabetes mellitus (E10-E14),Louisiana,1290,26.9
2012,Diabetes mellitus (E10-E14),Maine,380,21.3
2012,Diabetes mellitus (E10-E14),Maryland,1218,19.2
2012,Diabetes mellitus (E10-E14),Massachusetts,1099,13.6
2012,Diabetes mellitus (E10-E14),Michigan,2685,23
2012,Diabetes mellitus (E10-E14),Minnesota,1165,19.1
2012,Diabetes mellitus (E10-E14),Mississippi,1050,32.6
2012,Diabetes mellitus (E10-E14),Missouri,1377,19.6
2012,Diabetes mellitus (E10-E14),Montana,233,19.1
2012,Diabetes mellitus (E10-E14),Nebraska,442,20.7
2012,Diabetes mellitus (E10-E14),Nevada,438,15.9
2012,Diabetes mellitus (E10-E14),New Hampshire,275,17.5
2012,Diabetes mellitus (E10-E14),New Jersey,1988,19.3
2012,Diabetes mellitus (E10-E14),New Mexico,652,28.3
2012,Diabetes mellitus (E10-E14),New York,4010,17.7
2012,Diabetes mellitus (E10-E14),North Carolina,2409,22.6
2012,Diabetes mellitus (E10-E14),North Dakota,185,22
2012,Diabetes mellitus (E10-E14),Ohio,3618,26.1
2012,Diabetes mellitus (E10-E14),Oklahoma,1201,28.4
2012,Diabetes mellitus (E10-E14),Oregon,1126,24.3
2012,Diabetes mellitus (E10-E14),Pennsylvania,3735,22.3
2012,Diabetes mellitus (E10-E14),Rhode Island,198,14.7
2012,Diabetes mellitus (E10-E14),South Carolina,1197,22.3
2012,Diabetes mellitus (E10-E14),South Dakota,218,21.5
2012,Diabetes mellitus (E10-E14),Tennessee,1852,25.8
2012,Diabetes mellitus (E10-E14),Texas,5136,21.9
2012,Diabetes mellitus (E10-E14),United States,73932,21.2
2012,Diabetes mellitus (E10-E14),Utah,541,24.6
2012,Diabetes mellitus (E10-E14),Vermont,168,21.4
2012,Diabetes mellitus (E10-E14),Virginia,1603,18.6
2012,Diabetes mellitus (E10-E14),Washington,1650,22.4
2012,Diabetes mellitus (E10-E14),West Virginia,741,30.5
2012,Diabetes mellitus (E10-E14),Wisconsin,1289,19
2012,Diabetes mellitus (E10-E14),Wyoming,97,15.9
2013,Diabetes mellitus (E10-E14),Alabama,1349,24.3
2013,Diabetes mellitus (E10-E14),Alaska,112,20.1
2013,Diabetes mellitus (E10-E14),Arizona,1786,23.5
2013,Diabetes mellitus (E10-E14),Arkansas,835,24.2
2013,Diabetes mellitus (E10-E14),California,8057,20.6
2013,Diabetes mellitus (E10-E14),Colorado,788,15
2013,Diabetes mellitus (E10-E14),Connecticut,664,14.8
2013,Diabetes mellitus (E10-E14),Delaware,218,19.4
2013,Diabetes mellitus (E10-E14),District of Columbia,108,17.9
2013,Diabetes mellitus (E10-E14),Florida,5238,19.2
2013,Diabetes mellitus (E10-E14),Georgia,2199,23
2013,Diabetes mellitus (E10-E14),Hawaii,271,15.5
2013,Diabetes mellitus (E10-E14),Idaho,404,23.8
2013,Diabetes mellitus (E10-E14),Illinois,2798,19.7
2013,Diabetes mellitus (E10-E14),Indiana,1943,26.3
2013,Diabetes mellitus (E10-E14),Iowa,747,19
2013,Diabetes mellitus (E10-E14),Kansas,654,19.8
2013,Diabetes mellitus (E10-E14),Kentucky,1187,24.1
2013,Diabetes mellitus (E10-E14),Louisiana,1329,26.9
2013,Diabetes mellitus (E10-E14),Maine,373,20.4
2013,Diabetes mellitus (E10-E14),Maryland,1249,19.1
2013,Diabetes mellitus (E10-E14),Massachusetts,1142,14.1
2013,Diabetes mellitus (E10-E14),Michigan,2825,23.8
2013,Diabetes mellitus (E10-E14),Minnesota,1163,18.8
2013,Diabetes mellitus (E10-E14),Mississippi,1071,32.9
2013,Diabetes mellitus (E10-E14),Missouri,1477,20.5
2013,Diabetes mellitus (E10-E14),Montana,250,19.7
2013,Diabetes mellitus (E10-E14),Nebraska,471,21.7
2013,Diabetes mellitus (E10-E14),Nevada,424,14.8
2013,Diabetes mellitus (E10-E14),New Hampshire,310,18.7
2013,Diabetes mellitus (E10-E14),New Jersey,2043,19.4
2013,Diabetes mellitus (E10-E14),New Mexico,646,27.6
2013,Diabetes mellitus (E10-E14),New York,4094,17.8
2013,Diabetes mellitus (E10-E14),North Carolina,2402,21.8
2013,Diabetes mellitus (E10-E14),North Dakota,197,22.3
2013,Diabetes mellitus (E10-E14),Ohio,3563,25.4
2013,Diabetes mellitus (E10-E14),Oklahoma,1269,29.9
2013,Diabetes mellitus (E10-E14),Oregon,1109,23.4
2013,Diabetes mellitus (E10-E14),Pennsylvania,3804,22.6
2013,Diabetes mellitus (E10-E14),Rhode Island,258,18.9
2013,Diabetes mellitus (E10-E14),South Carolina,1240,22.5
2013,Diabetes mellitus (E10-E14),South Dakota,237,22.7
2013,Diabetes mellitus (E10-E14),Tennessee,1827,24.8
2013,Diabetes mellitus (E10-E14),Texas,5273,21.6
2013,Diabetes mellitus (E10-E14),United States,75578,21.2
2013,Diabetes mellitus (E10-E14),Utah,578,25.3
2013,Diabetes mellitus (E10-E14),Vermont,139,17.4
2013,Diabetes mellitus (E10-E14),Virginia,1626,18.4
2013,Diabetes mellitus (E10-E14),Washington,1616,21.3
2013,Diabetes mellitus (E10-E14),West Virginia,841,34.1
2013,Diabetes mellitus (E10-E14),Wisconsin,1285,18.5
2013,Diabetes mellitus (E10-E14),Wyoming,89,14.2
2014,Diabetes mellitus (E10-E14),Alabama,1281,22.8
2014,Diabetes mellitus (E10-E14),Alaska,113,19.4
2014,Diabetes mellitus (E10-E14),Arizona,1936,24.3
2014,Diabetes mellitus (E10-E14),Arkansas,828,24
2014,Diabetes mellitus (E10-E14),California,8249,20.4
2014,Diabetes mellitus (E10-E14),Colorado,835,15.5
2014,Diabetes mellitus (E10-E14),Connecticut,685,14.9
2014,Diabetes mellitus (E10-E14),Delaware,226,19.8
2014,Diabetes mellitus (E10-E14),District of Columbia,119,18.8
2014,Diabetes mellitus (E10-E14),Florida,5371,19.2
2014,Diabetes mellitus (E10-E14),Georgia,2230,22.3
2014,Diabetes mellitus (E10-E14),Hawaii,276,15.4
2014,Diabetes mellitus (E10-E14),Idaho,409,22.9
2014,Diabetes mellitus (E10-E14),Illinois,2712,18.7
2014,Diabetes mellitus (E10-E14),Indiana,1819,24.4
2014,Diabetes mellitus (E10-E14),Iowa,1019,25.6
2014,Diabetes mellitus (E10-E14),Kansas,643,19.2
2014,Diabetes mellitus (E10-E14),Kentucky,1175,23.4
2014,Diabetes mellitus (E10-E14),Louisiana,1238,24.8
2014,Diabetes mellitus (E10-E14),Maine,414,22.4
2014,Diabetes mellitus (E10-E14),Maryland,1305,19.8
2014,Diabetes mellitus (E10-E14),Massachusetts,1202,14.5
2014,Diabetes mellitus (E10-E14),Michigan,2844,23.7
2014,Diabetes mellitus (E10-E14),Minnesota,1193,18.7
2014,Diabetes mellitus (E10-E14),Mississippi,1015,30.4
2014,Diabetes mellitus (E10-E14),Missouri,1423,19.4
2014,Diabetes mellitus (E10-E14),Montana,250,19.2
2014,Diabetes mellitus (E10-E14),Nebraska,473,21.5
2014,Diabetes mellitus (E10-E14),Nevada,350,11.4
2014,Diabetes mellitus (E10-E14),New Hampshire,300,18
2014,Diabetes mellitus (E10-E14),New Jersey,2062,19.3
2014,Diabetes mellitus (E10-E14),New Mexico,671,27.5
2014,Diabetes mellitus (E10-E14),New York,4064,17.4
2014,Diabetes mellitus (E10-E14),North Carolina,2687,23.7
2014,Diabetes mellitus (E10-E14),North Dakota,176,19.9
2014,Diabetes mellitus (E10-E14),Ohio,3641,25.7
2014,Diabetes mellitus (E10-E14),Oklahoma,1261,29.1
2014,Diabetes mellitus (E10-E14),Oregon,1083,22.4
2014,Diabetes mellitus (E10-E14),Pennsylvania,3765,22
2014,Diabetes mellitus (E10-E14),Rhode Island,252,18.3
2014,Diabetes mellitus (E10-E14),South Carolina,1239,21.8
2014,Diabetes mellitus (E10-E14),South Dakota,224,21.3
2014,Diabetes mellitus (E10-E14),Tennessee,1727,23.2
2014,Diabetes mellitus (E10-E14),Texas,5348,21.3
2014,Diabetes mellitus (E10-E14),United States,76488,20.9
2014,Diabetes mellitus (E10-E14),Utah,570,24.3
2014,Diabetes mellitus (E10-E14),Vermont,154,18.7
2014,Diabetes mellitus (E10-E14),Virginia,1683,18.5
2014,Diabetes mellitus (E10-E14),Washington,1668,21.2
2014,Diabetes mellitus (E10-E14),West Virginia,818,33.3
2014,Diabetes mellitus (E10-E14),Wisconsin,1352,19.1
2014,Diabetes mellitus (E10-E14),Wyoming,110,17.6
2015,Diabetes mellitus (E10-E14),Alabama,1255,21.7
2015,Diabetes mellitus (E10-E14),Alaska,142,23.9
2015,Diabetes mellitus (E10-E14),Arizona,2081,25.3
2015,Diabetes mellitus (E10-E14),Arkansas,886,24.7
2015,Diabetes mellitus (E10-E14),California,8845,21.2
2015,Diabetes mellitus (E10-E14),Colorado,887,15.9
2015,Diabetes mellitus (E10-E14),Connecticut,653,13.9
2015,Diabetes mellitus (E10-E14),Delaware,215,18.1
2015,Diabetes mellitus (E10-E14),District of Columbia,162,25.7
2015,Diabetes mellitus (E10-E14),Florida,5403,18.6
2015,Diabetes mellitus (E10-E14),Georgia,2210,21.4
2015,Diabetes mellitus (E10-E14),Hawaii,263,14.5
2015,Diabetes mellitus (E10-E14),Idaho,403,22.1
2015,Diabetes mellitus (E10-E14),Illinois,2817,19.2
2015,Diabetes mellitus (E10-E14),Indiana,2030,26.9
2015,Diabetes mellitus (E10-E14),Iowa,1077,26.7
2015,Diabetes mellitus (E10-E14),Kansas,684,20.2
2015,Diabetes mellitus (E10-E14),Kentucky,1458,28.2
2015,Diabetes mellitus (E10-E14),Louisiana,1199,23.5
2015,Diabetes mellitus (E10-E14),Maine,407,21.9
2015,Diabetes mellitus (E10-E14),Maryland,1243,18.3
2015,Diabetes mellitus (E10-E14),Massachusetts,1398,16.7
2015,Diabetes mellitus (E10-E14),Michigan,2751,22.5
2015,Diabetes mellitus (E10-E14),Minnesota,1221,18.6
2015,Diabetes mellitus (E10-E14),Mississippi,1092,32.4
2015,Diabetes mellitus (E10-E14),Missouri,1468,19.7
2015,Diabetes mellitus (E10-E14),Montana,321,24.5
2015,Diabetes mellitus (E10-E14),Nebraska,553,24.8
2015,Diabetes mellitus (E10-E14),Nevada,420,13.4
2015,Diabetes mellitus (E10-E14),New Hampshire,308,17.9
2015,Diabetes mellitus (E10-E14),New Jersey,1933,17.9
2015,Diabetes mellitus (E10-E14),New Mexico,608,24.9
2015,Diabetes mellitus (E10-E14),New York,4045,17.1
2015,Diabetes mellitus (E10-E14),North Carolina,2746,23.6
2015,Diabetes mellitus (E10-E14),North Dakota,195,22.6
2015,Diabetes mellitus (E10-E14),Ohio,3645,25.3
2015,Diabetes mellitus (E10-E14),Oklahoma,1442,32.4
2015,Diabetes mellitus (E10-E14),Oregon,1148,22.9
2015,Diabetes mellitus (E10-E14),Pennsylvania,3777,22.1
2015,Diabetes mellitus (E10-E14),Rhode Island,276,20.2
2015,Diabetes mellitus (E10-E14),South Carolina,1347,23.4
2015,Diabetes mellitus (E10-E14),South Dakota,282,26.3
2015,Diabetes mellitus (E10-E14),Tennessee,1798,23.4
2015,Diabetes mellitus (E10-E14),Texas,5521,21.2
2015,Diabetes mellitus (E10-E14),United States,79535,21.3
2015,Diabetes mellitus (E10-E14),Utah,604,24.6
2015,Diabetes mellitus (E10-E14),Vermont,159,19.8
2015,Diabetes mellitus (E10-E14),Virginia,2044,21.9
2015,Diabetes mellitus (E10-E14),Washington,1811,22.4
2015,Diabetes mellitus (E10-E14),West Virginia,784,31.7
2015,Diabetes mellitus (E10-E14),Wisconsin,1382,19.4
2015,Diabetes mellitus (E10-E14),Wyoming,136,20.8
